{
  "auc_val": 0.8676701887004226,
  "brier_original": 0.13894913402967873,
  "brier_calibrated": 0.05177789899353311
}