{
  "auc_train": 0.8832014141777449,
  "auc_val": 0.8675121448032002,
  "gap": 0.015689269374544734
}