{
  "K-Nearest Neighbors": {
    "auc_train": 0.9996868357284193,
    "auc_val": 0.7108047972585058,
    "gap": 0.28888203846991356
  },
  "Logistic Regression": {
    "auc_train": 0.8552236670366398,
    "auc_val": 0.8610175668170171,
    "gap": -0.005793899780377365
  },
  "Random Forest": {
    "auc_train": 0.8908524465654353,
    "auc_val": 0.8638146997214946,
    "gap": 0.02703774684394067
  },
  "Gradient Boosting": {
    "auc_train": 0.8846829871665465,
    "auc_val": 0.8664831580630492,
    "gap": 0.018199829103497267
  },
  "XGBoost": {
    "auc_train": 0.8832014141777449,
    "auc_val": 0.8675121448032002,
    "gap": 0.015689269374544734
  }
}